timestamp,machine_id,production_count,rejected,reject_rate
2026-01-05 06:00:00,Machine A,7033,146,0.0208
2026-01-05 06:00:00,Machine B,7019,140,0.0199
2026-01-05 06:00:00,Machine C,7052,160,0.0227
2026-01-05 07:00:00,Machine A,7155,139,0.0194
2026-01-05 07:00:00,Machine B,7105,142,0.02
2026-01-05 07:00:00,Machine C,7161,127,0.0177
2026-01-05 08:00:00,Machine A,7170,147,0.0205
2026-01-05 08:00:00,Machine B,7162,122,0.017
2026-01-05 08:00:00,Machine C,7230,119,0.0165
2026-01-05 09:00:00,Machine A,7176,143,0.0199
2026-01-05 09:00:00,Machine B,7186,130,0.0181
2026-01-05 09:00:00,Machine C,7184,151,0.021
2026-01-05 10:00:00,Machine A,7139,135,0.0189
2026-01-05 10:00:00,Machine B,7226,144,0.0199
2026-01-05 10:00:00,Machine C,7177,151,0.021
2026-01-05 11:00:00,Machine A,7205,133,0.0185
2026-01-05 11:00:00,Machine B,7088,141,0.0199
2026-01-05 11:00:00,Machine C,7184,162,0.0226
2026-01-05 12:00:00,Machine A,7150,154,0.0215
2026-01-05 12:00:00,Machine B,7158,131,0.0183
2026-01-05 12:00:00,Machine C,7179,164,0.0228
2026-01-05 13:00:00,Machine A,7168,143,0.0199
2026-01-05 13:00:00,Machine B,7186,129,0.018
2026-01-05 13:00:00,Machine C,7130,122,0.0171
2026-01-05 14:00:00,Machine A,118,4,0.0339
2026-01-05 14:00:00,Machine B,128,1,0.0078
2026-01-05 14:00:00,Machine C,125,2,0.016
